Rourkela , Odisha , India 
Dublin, Ireland
Add-Irbid-Jordan-Hometown
Irbid, Jordan
Fremont, California, USA
master
California, USA
Rome, Italy
Philadelphia, PA, USA
Irvine, California
Pune, India
New Delhi, India
Ambikapur, India
Saint Petersburg, Russia
Kolkata, India
Durgapur, West Bengal, India
Pune, Maharashtra
Indore, India
Mumbai ,maharashtra
Palm Springs, California
Santo Domingo, Dominican Republic
Kanpur,Uttar Pradesh
Panchkula, India
Selangor, Malaysia
CMDX, México
Phagwara, India
Illinois, United States
Rajasthan, India
Goa, India
Tehran, Iran
Jalandhar, India
Burnaby, Canada
Gatineau, Canada
Lincoln, Pennsylvania
Kanpur, India
Changchun, China
San Ramon, California
Phoenix, Arizona
Mississauga, Canada
Lake Hiawatha, New Jersey
Denver, Colorado
Butler, Pennsylvania
Moscow, Russia
Milwaukee, Wisconsin
Elmhurst, Illinois
Smithtown, New York
Moscow, Russia
Milwaukee, Wisconsin
New York, USA
Paris, France
Montreal, Canada
Goiania, Brazil
Vienna, Austria
Melbourne, Australia
Osaka, Japan
Calgary, Canada
Sydney, Australia
The South Pole
Vancouver, Canada
Charlottesville, Virginia
Toronto, Canada
Tokyo, Japan
Kushiro, Japan
Copenhagen, Denmark
Adelaide, Australia
Miami, Florida
Barnstable, Massachusetts
Hanover, Massachusetts
Cape Elizabeth, Maine
Guangdong, China
Shanghai, China
Boston, Massachusetts
Cagayan de Oro, Philippines
Burlington, Massachusetts
Marikostinovo, Bulgaria
Pune, India
Tulsa, Oklahoma
Queens, Ny
Bavaria, Germany
Jamaica, New York
Ambato, Ecuador
Binghamton, New York
South Ozone Park, New York
Queens, New York, USA
New York, New York
Santiago, Dominican Republic
Seattle, Washington
Gopaltila, Sylhet, Bangladesh
Manila, Philippines
Cali, Colombia
Brooklyn, New York
Tacoma, Washington, USA
Long Island City, New York
Paris, France
Kowloon, Hong Kong
Irvington, New Jersey
La Paz, Bolivia
Parsippany, New Jersey
Haworth, New Jersey
Dhaka, Bangladesh
Bellevue, Washington, USA
Huntington, New York
Houston, Texas
Doha, Qatar
Edmonton, Alberta, Canada
New York, NY
Lucknow, Uttar Pradesh, India
Rockville, Maryland
Sylhet, Bangladesh
Hanmer, Canada
Dehradun,Uttarakhand,India
Forks of Salmon, California
Ahmedabad, India
Simla, India
Vadodara, India
Bethesda, Maryland
Nakuru, Kenya
Anand, India
Hyderabad, India
Patuakhali, Bangladesh
Ajax, Canada
Eldoret, Kenya
Toronto, Canada
Burlington, Canada
Fontainebleau, France
Barisal, Bangladesh
Bagerhat, Bangladesh
Kingston, Canada
Trichy,India
Reading, Pennsylvania
Mysore, India
San Antonio, Texas
Plano, Illinois
Ciudad de Guatemala, Guatemala
Daegu, South Korea
Ho Chi Minh City, Vietnam
Can Tho, Vietnam
St. Catharines, Canada
Dzerzhinsk, Russia
Streamwood, Untied States of America
Quincy, Illinois
Oswego, Illinois
Maple Park, Illinois
Elgin, Illinois
Warrenville, IL
Grayslake, Illinois
Markham, Canada
Beijing, China
Tver, Russia
Kadapa, India
Lagos, Nigeria
Limassol, Cyprus
Kolkata, India
Kitale , Kenya
Tamil Nadu,India
Prosotsani, Greece
Tarija, Bolivia
Viacha, Bolivia
Pando, Bolivia
Ajah, Lagos
Iviukhua, Edo
Mushin, Lagos
Ajah, Lagos
Mushin, Lagos
Chester Springs, PA
CDMX, México
Nashik, India
bhusawal,india
Nashik,Maharashtra
Jalgone,India
London, Ontario, Canada
Cambridge, MA
Pleasanton, California
GeoJaedo, South Korea
Nairobi, Kenya
Bronx, New York, USA
Brampton, Ontario, Canada
Indore, MP, India
Omdurman, Sudan
Nanchang, China
Montpelier, Vermont
Jaffna, Sri Lanka
San Francisco, California
State College, Pennsylvania, United States
Riverside, CA
Greenville, Mississippi
Oviedo, FL
Vik, Iceland
Kumba, Cameroon
Karachi, Pakistan
Sirsa, India
Shahabad Markanda, India
Punjab, India
Bulandshahr, India
Jalpaiguri, India
Patiala, India
Udaipur, Rajasthan
Lucknow, India
Visakhapatnam, India
Victor Onyenma, Nigeria
Jamshepur, India
Burdwan, India
Vadodara, India
Hooghly, India
Singapore, Singapore
Ipoh, Malaysia
Sakarya, Turkey
Kathmandu,Nepal
Minna, Niger State Nigeria
Oyo, Nigeria
Kampala, Uganda
Hoshiarpur, Punjab, India
Norman, Oklahoma, United States
Moore, Oklahoma
San Francisco, California
Warszawa, Poland
Zirakpur, Punjab, India
Lowell, Arkansas
San Antonio, Texas, United States
Kaduna, Nigeria
Bhubaneswar, India
Buea, Cameroon
Cabo San Lucas, Baja California Sur
Windsor,Ontario
Merrick, New York
Poughkeepsie, New York, United States
Hastings, United Kingdom
Brampton, Ontario, Canada
Virginia, USA
Washington D.C., USA
Kathmandu, Nepal
Annapolis, Maryland, United States
Molepolole, Botswana
Colorado, United States
Jammu, India
Bhopal, India
Gurgaon, India
Panchkula, India
Delhi,India
Pune, Maharashtra
Lagos, Nigeria
Manila, Philippines
Rockville, Maryland, United States
Minna, Nigeria
New Delhi, India
Cupertino, California, United States
Modesto, California, United States
Coastal-Bend, Texas , United States
Hanoi, Vietnam
Seattle, Washington, United States
Brentwood, Tennessee, United States
Lucknow, Uttar Pradesh, India
Jaisalmer, Rajasthan, India
Bangalore, Karnataka, India
Howrah, West Bengal, India
Chattisgarh, India
Ellicott City, Maryland, United States
Clifton, New Jersey, United States
Tulsa, Oklahoma, United States
Sandwich, Massachusetts, United States
Quibdo, Colombia
Pyongyang, North Korea
Jiangsu, China
Stillwater, Oklahoma, United State
Moore, Oklahoma, United States
Rogers, Arkansas, United States
Moore, Oklahoma, United States
Miami, Florida, United States
Germantown, Maryland, United States
Bangalore, Karnataka, India
Bhopal, Madhya Pradesh, India
Gurugram, Haryana, India
Frehold, New Jersey, United States
Ambikaput, Chatthisgarh, India
Muzaffarnagar, Uttar Pradesh, India
Fatehpur Shekhawati, Rajasthan, India
Washington, D.C., USA
Winchester, Virginia, United States
Prayagraj, Uttarpradesh, India
South Carolina, United States
Haryana, India
South Extension, New Delhi, India
Gurugram, Haryana, India
Muzaffarnagar,Uttar Pradesh,India
Long Beach, California, United States
Kochi,Kerala,India
Kannad,Maharashtra,India
Mangalore, Karnataka, India
Monterrey, Nuevo Leon, Mexico
Seattle, Washington, United States
Lahore, Pakistan
Marie Byrd Landi, Antarctica
Winter Park, Florida, United States
Columbus, Ohio, USA
New Jersey, United States
Islamabad, Pakistan 
Douglas, Isle of Man
Monterrey, Nuevo Leon, Mexico
Milton, Ontario, Canada
Seattle, Washington, United Statesn
Visakhapatnam, India
Lagos, Nigeria
Rajdhanwar, India
Pingtung City, Taiwan
Vancouver, Canada
Ann Arbor, Michigan, USA
Montréal, Quebec, Canada
Surrey, British Columbia 
Mar del Plata, Argentina
Lahore,Punjab,Pakistan
Macau, China
Pittsburg, California, United States
Clifton, Virginia, United States
Shanghai, China
Mumbai, Maharashtra, India
Mar del Plata, Argentina
Lahore,Punjab,Pakistan
Santa Clara, California, United States
Calgary, Canada
Richmond, Virginia, United States
Bellingham, WA
Boulder, CO
Irvine, California, United States
Calgary, Alberta, Canada
Seattle, Washington
Toronto, Ontario, Canada
London, United Kingdom
Turin, Italy
Santacruz,Mumbai,Maharashtra
Mumbai, India
Washington, DC, United States
jhapa, Nepal
Cedar Rapids, Iowa, United States
Atlanta, Georgia
Conakry, Guinea
Kinshasa, DR Congo
Ouagadougou, Burkina Faso
Motihari, Bihar, India
Ottawa, Ontario, Canada
Bangalore, India
Montgomery, Texas, United States
